respid,text_KOR
17,국민의 기본권침해
18,한국의 국가 안보 강화를 위해 범위를 제한하도록 수정해서
19,범위제한
20,한국의 자유믽주의 보호하는것
21,더불어민주당의 의견을 존중
22,자유민주주의를 보호해야함
23,정당때문에
24,정책입장을 변경하길 원해서
26,범위 제한 수정
27,한국 자유민주의를 지지한다.
28,국가 안보 강화
29,보수적운영
31,정책페지
32,혼란을 막고 점진적으로
33,한국의 국가 안보가 제일중요하다고 생각됨
34,국가안보 강화가 제일 중요한것같다
35,이유없음
36,국민의 힘이 주장하는 것은 100% 정의롭지 않다.
37,국가안보강화
38,잘하고 있슴
39,일괄 폐지보다는 범위를 조정하는것이 나아보이네요.
40,근거가 그나마 나아서
41,국힘당은 싫다
42,국민의 힘이 하는건 모두 싫음
45,더불어민주당
46,그냥
47,범위를 제한하도록 수정
48,민주주의보호
49,안보강화
50,국가 안보가 더 중요하므로
51,한국에 더 좋을것 같아서
52,.
53,현재 여당이 더 잘할 것 같다
54,모두 폐지
56,폐지하면 안됨
57,이유없음
58,한국 안보 강화
59,모두 폐지 하는것은 위험한 발상
60,모두 폐지
61,범위를 제한한다
62,몰라
63,없음
66,자유민주주의를 보호하기 위해
68,아직 폐지하기엔 이른 법이다.
70,B가약간 더 마음에든다
72,없음
73,옳은 일이다
74,국가안보강화
75,옳은 일이어서  선택햇다
76,자유민주주의
77,민주주의를 보호하는 목적이므로
78,한국의자유 민주주의 보호
79,민주당을 믿지못함
80,벙위와 지지자
81,안보는 중요하다
82,언젠가는 없어져야 한다
83,자유 민주주의를 보호하기 때문에
84,합리적
85,한동안은 유지하는 것이 좋음
86,국가안보가 중요하기 떄문에
87,지지하는 당
88,자유민주주의를 보호
89,도진 개찐이다
90,모두 폐지해서는 안된다
91,범위를 먼저 제한
92,.
93,.
94,국가 안보 강화가 옳은 일이다
95,한국의 국가 안보를 강화하므로
96,정책입장
97,아직 북한과는 휴전 상태이기 때문
98,제한을 하는게 좋겠다
99,범위를 제한하지 않아도 된다고 생각한다.
101,무작정폐지보다는 유지한다.
102,안보 유지
103,국가 안보 강화
104,현 정치인들이 싫다.
105,폐지에 반대
106,국민의 힘이 주장하는 정책은 지지하고싶지 않다
107,조금 더 호감이 간다
108,국가보안법을 폐지하는 것보다는 국가안보를 위해 확대하는데 나아서
109,현시점에서 폐지를 반대 한다
110,범위 확대
111,그나마 낫다
112,유지한다
113,국민이 지지해야한다
114,국가보안법은 많이 축소해야만 한다고 생각한다
115,설문 문항이 잘못되었음. 선택강요임
116,일부국민보다 정당이 합당해보임
117,더불어민주당을 지지하지는 않지만 국민의힘보다든 더불어민주당을 지지해서
118,"자유민주주의가 중요핟,"
120,전반적이라서
121,.
122,범위 확대
123,폐지
124,없음
125,국보법 폐지는 안된다
126,나다
127,국가 안보 강화
128,안보강화가 더 앞장서는 편이라서
129,없앨 법은 아니다. 범위 축소 등의 제한으로 법의 권한을 조정할 필요가 있다.
130,국가안보 강화함
131,정책입장이 마음에 든다
132,정책입장을 폐지하기때문에
133,안정적이다.
134,없다
136,그나마 나아서
137,자유민주주의 추구
138,폐지는 않된다
139,국가 안보를 강화한다
141,민주주의 우선
142,전면 폐지만이 답이다.
143,옳은 일이라서
145,조금이라도 악용될 소지가 있다면 폐지되는게 맞다고 생각해서
146,범위를 제한한다
147,폐지는 안됨
148,자유민주주의 보호
149,장점
150,자유민주주의를 보호해야한다.
151,안보 강화을 한다고 해서 달라지게 뭐가 있나 세금 부담만 가중 된다
152,국가안보강화
153,수정에 반대하기 때문에
156,범위 제한하여 수정하는 점
157,자유민주주의 국가에서의 주인은 국민이다
159,폐지하는 편이 더 낫다
160,그냥
162,보호
164,폐지 찬성
165,ㄴㄴ
166,국가 보안법 확대는 옳지 못함
167,입장 A의 근거가 애매함
168,범위를 확대하여야한다고 생각함
169,정책을 그대로유지하면서 국가안보를 강화해서
171,자유민주주의 보호를 위해
172,국민의 힘보단 민주당이 나아서
173,자유민주주의를 보호한다는 근거
174,옳은 일이 과연 정말로 옳은가?
175,범위를 제한
177,딱히 없다
178,보안법은 구시대 유물로 정부독재를 유지하기위한 수단이었으로 폐지되어야한다
179,보안법 폐지에 대한 이유로 더 합당해 보여서
180,ㅇ
181,딱히 없음
182,안보보다는 자유가 우선이라 생각해서
184,언론의 자유를 탄압하는 법일 수도 있어서
185,민주당에서 하는 정책
186,근거가 더 좋음
187,일단은 북한이 있기 때문에
188,안보를 위해 필요하나 인권침해요소가 있으므로 엄격하고 구체적이어야 한다
189,국가 안보 강화의 근거가 더 지지가 된다.
190,범위를 확대해야 된다는것에 찬성한다
192,자유민주주의 보호!
193,전국민에 대한 입장이 중요
194,국민 지지
195,국민의 입장
196,그나마 나아보임
197,자유민주주의를 보호하자는입장이여서
198,국민의힘을 지지함
199,우선은 범위를 제안하도록 수정한다
200,국가보안법 범위 확대는 절대 반대며 국민의힘이 지지한다면 더욱 반대함
201,모두 폐지는 말이 안됨
202,모두를 위한 길이다
203,폐지는 반대하여서
206,국가안보강화
207,국가보안법은 확대되어도 괜찮다.
208,ㄱ
209,그냥
210,폐지가 정답
212,모두 폐지하는 것보단 일부 제한하는 것이 더 나으므로
214,자유민주주의는 중요
215,민주주의 보호가 우선
217,이유없음
218,둘다 그냥 그렇긴한데 그래도 수정하는게 나을거같아서
220,한국의 자유민주주의를 보호한다
222,으느스드즈
223,그나마...
224,보안 확보
226,Q가 더맘에들음
227,일부 국민
228,적절성
229,폐지
231,민주주의 보호
233,ㅡ갼ㅇ
234,선택의 폭이 좁아 유지하는 쪽으로 선택
235,민주당 무능
237,더민주당의 친북 종북 행태로 꿍꿍이 의심
238,극단적이지 않은 정책
239,강력한 상황
240,국민의힘은반대
241,없습니다
242,그대로 유지
243,국가 안보가 중요함
244,국가 안보 강화는 필요한거 같아서
246,한국의 민주주의를 보호하는 것에 초당적이어야 한다
247,"낡은 유물인 국가보안법은 폐지해야 마땅하며, 우리 의식수준도 그만큼 높아졌다"
250,입장지지자가 국민이다
252,현재의 국가안보법은 범위가 너무 광범위하고 그 범위의 한계가 너무 애매모호 하다
253,민주주의는 중요함
254,근거가 좀 더 낫다
255,둘다별로
256,자유민주주의 보호
257,적정선인 것 같아서
258,수정 보완
259,국가 안보를 강화하여 지켜야 한다
260,폐지보단 수정함이 정책에 유리해 보임
261,평등성
262,근거
263,더 괜찮을 것 같아서
264,","
265,폐지는 안되므로
266,근거가 더 구체적
267,국가보안법을 확대하는 것은 바람직하지 않다
268,a가 더 나은 방향 같아서
270,범위확대가 효율적
271,안보보다 자유민주주의 실현
273,국가안보 강화가 우선
274,정책입장
275,범위는 제한하는게 낫지 싶다
276,민주주의 이념을 유지해야하기 때문
277,폐지반대
278,통일시 국가 혼란이 예상되므로
281,당연함
282,입장 지지자가 국민이 되야 맞는거 같다
283,한국의 국가 안보 강화
284,더불어민주당 지지자로서 그 정당의 정책을 지지한다
285,평화
286,범위 확대의 이유가 빈약해서
287,범위를 제한하도록 하여 국민이 불안해 하는 일이 생기지 않았으면 한다
288,"국가보안법의 폐해로 선의의 피해자가 많았다. 아직 통일이 되지 않은 상황에서 폐지는 시기상조인듯하지만, 범위의 제한은 필요하다고 본다."
289,민주당..
290,폐지가 답
292,국가 안보 강화
293,폐지 반대
294,정책입장
295,>?
296,국가안보강화
297,국민의힘당을 믿을 수가 없다
298,더불어민주당 지지
299,그냥
300,어느정도 폐지보다는 제한이 나은거같아서
301,그대로 유지
302,입장 지지자 때문에
303,범위 축소
305,폐지는 안된다
306,일부 국민이라는 부분이 애매하다
307,국가안보에 도움이 되는거같아 선택했다
308,더블어민주당보다 일반국민들을 믿을수있어서
309,국가안보중시
310,범위를 제한
311,유지가 필요하다 생각해서
313,더불어 민주당을 지지한다
314,국민의 의견이 반영된 것으로 생각함
315,자유 민주주의 보호해야하죠
316,폐지하는거는 아닌거같다
317,국민의힘은 없어져야 한다
318,일부국민
319,불확실한 북한 정세
320,그대로 유지하는 것보다는 폐지가 그나마 나음
322,정책입장
323,그냥 옳은일인듯해서
324,국민의 힘
325,none
326,아직 폐지를 할 시기는 아닌 것 같다
327,자유민주주의가 뭔지 잘모르겠다
328,범위를 제한 수정
329,옳지 않을 일을 무턱대고 할 수는 없다.
330,노코멘트
332,괜찮음
333,국가안보 강화라는 목적이 있기 때문이다.
334,일부 유지
336,일부 정책 수정필요
338,확대가 좋아 보여서
339,국민이 선호하는 지지
340,수정을 통해 여러 의견을 취합할 수 있음
341,한국 자유민주주의 보호
342,모름
343,그대로유지
344,국가안보를 강화하는 것이 맞다고 생각함
345,더나아보임
346,...
347,국가 안보를 강화하고 범위제한은 일부 수정이 필요하다고 본다.
349,끌려서
350,국가 안보를 강화 해야함
352,일반국민이든.. 국민의당이든..구각안보법은 폐지하고 새법을 만드는 게 나을 듯
353,범위를 제한하도록 수정하는 정책도 괜찮은 생각이라고 든다
354,잘 모르겠음
355,정책입장과 근거가 더 확실하다
356,기본자유는 보장해야한다고 생각함
357,국가안보 강화가 더 중요하다
358,그렇게 생각되서
359,특별한 이유는 없다
360,자기가 혼자 지기면 된다.
361,휴전국으로서 국보법을 아예 폐지하는 것은 리스크가 있어서
362,국민의힘 선호
363,폐지
364,안보를 강화
365,전체
367,근거
368,더불어민주당을 지지한다. 그리고 범위제한이 옳은듯 하다.
369,정책 폐지
370,혼란을 줄일수있다
372,완전한 폐지나 유지가 아닌 수정이고 한국의 국가안보가 근거인점
374,범위를 축소해야한다
375,좋아서
376,수정할 수 있는 시간이 필요
378,국가안보 강화
377,국가안보를 강화를 필요성이 느껴져서
379,공정성
380,국가 안보를 강화하는 것은 분단국에선 매우 중요한 일이기 때문
381,국가보안법 확대를 반대해서
382,국가 안보를 강화해야한다.
383,특별한 이유 없음
384,조금씩 차츰 확대하는것이 필요할것같아서
385,정책에 대한 입장이나 근거가 훨씬 호감이 느껴집니다
386,없다.
388,범위를 제한하여 수정한다
389,fhfh
387,자유민주주의보호
390,범위를 확대하는 건 국민의 사생활을 침해하는 거다.
391,범위 확대 절대 반대
392,민주주의보호
393,범위를 확대하는것이 더 안전할 것이다.
394,그저 일부일 뿐
395,당 결정존중
396,자유민주주 보호
397,훨씬 나은 선택이 될 것 같아서
398,국민의 뜻을 따라야 하기에
400,범위확대 반대
401,근거와 지지자
402,수정 필요
403,옳은 일임
404,국보법 축소/제한 입장
405,옳은일을 하는것에 힘을 실어줘야한다
407,범위확대반대
408,그대로 유지하자는 입장에 가깝다
409,자유민주주의
411,근거나 정책이 더 확실해보인다
412,그냥
413,근거가 좋아서
414,국가보안법 확대에 반대함
415,둘 모두 반대
416,hcxg
418,"국가보안법을 확대한다는 것은 자람직하지 않고, 범위 제한이 필요하기 때문이다."
419,국민의짐이하는것들보면 개념이없음....
420,아예 폐지하는 것보다 나은 것 같아
421,너무 방대한것을 방지하기 위해
423,모든 정치가 Good이 아닌 이유
424,민주당 지지
425,민주주의는 보호해야하는 대상이라서
426,범위제한(법률의 명확성강화)
427,국민의힘
428,범위 확대
429,범위를 제한
430,hjg
432,유지함
433,국가안보 강화
434,없다
436,범위를 제한하고 싶지 않다.
437,조금 더 나아보임
438,범위를 확대하는것이 싫다
439,폐지는 아닌거 같아서
440,확대보다는 폐지
441,범위를 확대했을때 부작용이 있을 수 있어 수정하도록 하는게 맞을것같아서
443,현재 유지
444,ㅇ
445,더자유롭다
446,모름
447,헤택
448,비교해서 근거가 좀더 명확합니다
449,유지하는게 좋음
450,보안법 폐지론자
451,4
452,근거
453,좀더 보수적이다
454,안보우선
455,범위를 확대한다
456,국가안보
457,폐지는 안됨.
459,한국의 자유민주주의를 보호를 해야한다
460,민주주의 보호
461,자유민주주의 보호
463,범위를수정하면서 지켜보는것이 더욱더좋을것같기때문에 선택해봅니다
464,정책의 입장과 지지자
465,전체적으로 본다면 그나마 긍정적으로 볼수있다고 생각합니다
466,좀더 보수적이다
467,국가 보안법과 관련한 것들을 한번 수정해서 제한할 필요가 된 시기이다
468,국가보안법은 필요하다고 생각해서
469,정당 지지
471,모두 폐지는 아니다
473,자유민주주의
474,국민의힘은 해체 대상이다
475,자유민주주의 보호
476,폐지는 안된다. 유럽만큼은 아니라도 한국군 또한 개판이라서.
477,보다 자유민주주의
478,이유없다
479,질문지가 맘에 들지않음
480,입장 지지자 적합성
481,자유민주주의를 보호한다
482,자유민주주의보호
483,일부 국민의 소수 의견보다 합리적일 것이다
484,국민의 힘 측은  사리사욕을 앞세우는 정파라고 생각한다
485,자유민주주의가 더 중요
486,모두폐지해야된다
487,좋아요
488,그대로 유지한다는 입장
490,일부 국민보다는 정당과 함께 정책추진 필요
492,없다
493,국가안보 강화를 위해
494,현재상태를 유지한는것이 타당하다고 생각한다
495,입장 B 보다는 타당한것 같아서
497,모름
498,딱히 없다
499,자유민주주의 보호
500,정책입장이 그대로 유지한다
501,안정적운영
502,국가의 안보를 강화하기 때문이다
503,걍했습니다
505,더 좋은쪽으로 선택했다
506,국가보안법 폐지에 반대함.
507,국가안보 강화 가 우선이다
508,ㅎ헤
510,ㅎ
511,확대한다
513,자유 민주주의의 중요성을 최근 몇년사이에 느낌
514,민주주의를 보호하기 때문이다
515,자유민주주의
516,폐지되는것도 괜찮을거같아요
517,그나마 차선택
518,어쨌든 있어야 한다
521,"국가보안법의 필요성은 인정하나, 엄격한 축소적용이 필요하다고 생각한다. 범위 확대는 불가하다."
522,정책입장에서 범위를 확대하는 것이 더 맘에 든다
523,입장B가 더 현실적이다
524,폐지
525,폐지반대
526,그나마 나은것 같다
527,국민의 수준이 향상되어 스스로 자정능력이 있기에 국가 보안법은 존치하되 보안하는 편이 나은것 같음
529,폐지를 하려면 모두 폐지해야
530,현 집권여당을 싫어함
531,더불어민주당 지지
532,잘모르겠어서 아무거나 고른거다.
533,국가안보의 강화가 마음에들어서
534,개인적으로 국가보안법은 냉전시대때 만들어진 구시대적 법률이라고 생각한다. 따라서 현재와는 맞지 않으므로 범위를 더 제한해야한다고 생각한다.
535,범위가 매우 중요한 결정사항
536,민주주의를 보호하는데 동의한다
537,폐지를 해야 법이 바뀐다
538,국가 안보 강화
539,범위를 제한하기 때문에
540,범위를 확대하는 것에 찬성
542,자웡주주의
543,국민의 힘이 범위를 확대한다는 것에 의심이 있다.
544,not bad
545,확대만이 좋은일이 아님
546,옳은일이다
547,폐지하면 좋겠다
548,폐지는안됨
549,없음
550,더불어민주당 편에 서고 싶지 않아서
551,더불어민주당의 추구하는 방향은 민주주의가 아니다
552,국가안보강화
553,국가안보를 강화하는 부분은 필요하다
554,정책일관성
555,더민당이 주장하는데로 이루어지면 더 힘든 고난의 나라가 됨
557,자유민주주의 보호
558,모름
559,자유민주주의
560,질문이 모호하다
561,공감이 더 되서
562,국가안보 강화가 중요해서
563,괜찮아보입니다.
565,민주주의가 우선되어야한다고 생각
566,둘다 비슷함
570,무난하다요
571,더불어민주당이 지지해서
572,자유민주주의를 보호하는 근거가 있으므로
573,모름
574,자유주의
575,현재 상태 유지가 안전해서
576,범위를 제한하는게 좋다고 본다
577,국가보안법이 필요하다 왜냐면 위에 북한이 있다
578,범위 제한
579,자유는 힘에서 비롯된다고 생각한다
580,그대로 유지가 한동안 필요할 것 같아서
581,민주주의와 시대에 맞게 변화가 필요하다고 생각해서
582,모름
583,당을 떠난 국민들의 의견을 따르고 싶다
584,자유민주주의 보호
585,모두함께폐지
586,모두 함께 폐지하는 건 아닌 것 같다
587,그냥
588,최저임금지켜라
589,국가안보강화
592,자유민주주의 보호가 우선이라서
593,지지자는 싫지만 폐지보다는 범위를 제한하는 게 현실에 맞는 것 같다
594,모두 함께 폐지
595,국민이 입장을 직접 제시하는 것 자체가 정확성이 있기 때문
596,국민의 제안
599,국민의힘이 아닌 국민이 지지자라는 점에 차이가 있다
600,일부 국민이 지지하므로
601,국가 안보 강화 측면에서
602,일단은 현상유지 하는 게 나을 것 같다. 국가 안보 들먹이는 정책 치고 제대로 작동하는 것 많이 못 봄
603,이유없음
606,정책적 범위를 제한한다
607,범위를 제한해야한다
608,Aa
611,호호
612,내 마음
614,국민 찬성여론이 어느정도 필요하다고 생각해서
615,국민의 입장
616,자유민주주의보호를 저해하는 요소는 폐지하는것이 옳을것같다
617,보호가 우선이다
618,시나리오 비논리
619,통합
621,없다
622,국가보안법의 무고한 피해자가 생길 수 있기 때문에 범위를 확대하는 것은 위헙하다
623,국가안보간화
624,딱히 없음
625,없음
626,자유민주주의 보호
627,일부 국민
628,범위 수정 때문
629,국민의힘 지지
630,마음에 들어서
631,자유민주주의 보호
633,국가 안보는 중요해서
634,국민 입장
635,옳은일이여서
636,범위를 줄여야한다
637,없음
638,국가안보를 위하여 국가보안법은 필요적으로 존치할 필요성 있음
639,범위도 제한하고 바른말도 못하게 하고 도대체 뭘 할려고
641,국민의힘이 짱이지
642,범위를 너무 확대하는 것도 안좋다
646,위험하니까
647,그냥
648,범위 확대
649,국가보안법이 필요하기 때문에
650,좋아보여서
652,그냥 다 좋다
653,민주주의 보호
655,이유없다
657,안보 중요하다
659,국가보안법이 폐지되는 것은 안보를 위협한다
660,갑자기 폐지하기에는 부담스러울거 같아서
661,더불어 민주당의 정치폐해
662,한국의 자유민주주의를 보호한다면 표현의 자유를 제한하는 국가보안법은 폐지되어야 한다.
663,더맘에든다
664,자유민주주의 보호
665,국가안보가 중요
667,확대
668,수정을 가능하기때문에
669,정책입안
671,범위제한으로 충분해 보인다
672,없음
673,범위를 제한하여 정치적으로 이용할 수 없게 하기위해
674,정치적인 성향
675,민주주의 보호 인식
676,범위를 확대해야 하기 때문에
678,범위제한 수정이 필요하다고 생각. 문제가 있다고 무조건 다 폐지하는 것 맞지 않음. 필요한 부분을 살려두어야함. 보안이 민주주의를 지탱하는 부분도 있음. 악용하는게 문제이지
679,
680,특별히 선호는 하지 않은데 어느 정권이 되든 야당입장이라 선택
681,국가안보는 강화되고 다른일을 추친해도 늦지않아서
682,자격 요건
684,정치는 아는부분이 전체적으로 캄캄해서 모른다
686,ᆞ
687,안보강화
688,점진적으로 지지
689,둘다 별로지만 굳이 선택한다면
690,점진적으로
691,국가보안법을 폐지해서는 안된다
693,없음
694,일방적인 정당의 입장을 대변할 필요 없음
695,국가안보에대한기본정책은있어야 한다
696,..
697,범위 제한
699,그냥
700,ᆢ
701,직업
702,국가보안법 폐지
704,가성비갑
705,지지당
706,민주주의 보호
709,옳은일이니까요
711,정책을 유지하기떄문에
712,자유 민주주의를 보호하는게 중요해서
713,수정하는 건 별로 의미가 없어보인다.
714,국가 안보를 강화해야 한다
715,없음
716,모두폐지는반대
718,알맞은 정책으로 보인다
720,옳은 일이라는 것은 근거가 안됨
722,자유민주주의자 이기때문에
723,그냥
724,특별히 없음
727,입장이 비슷하여서
728,국가 안보 강화
729,당연히 국가 안보를 강화해야되어서 택했네요
730,범위를 제한 하도록 수정한다 라는 입장 때문입니다.
731,폐지
733,자유민주주의라는 개념이 너무 모호하다
734,자유 민주주의 보호
736,범위
737,민주주의 보호
738,한국의 자유 민주 주의 를 보호한다.!
739,국가보안법 폐지
741,폐지는 극단적이니 유지가 나음
744,그래도 유지하는 것이 가장 옳은 일인 것 같아서
745,좌파보다는 우파가 좋다.
747,국가 안보를 위해서
748,범위를 제한
750,민주주의 보호
753,정책입장폐지
754,더 나은 것 같다.
756,더불어민주당
760,그냥
762,근거가 더 와닿는다
763,국가 안보 강화
764,민주당 밴
765,정보유출방지
767,입장 B의 근거 때문에
768,없습니다
769,그냥
770,듀셔튜르이
772,정책입장폐지
773,느스으
774,근거의 옳은 일이라는 것이 누구의 입장인지 원리적인 것인지 잘 모르겠다ㅣ
775,국가안보 강화
776,범위 제한
777,범위에대한 제한으로 국민의 자유 확보.
778,aff
781,국가 안보 강화
783,국민의힘
787,국보법은 폐지가 정답이다
788,국민 지지라서
790,자유민주주의는 중요하다.
791,안보강화는 국민이 참여해야 이루어진다
793,범위확대 반대
796,안보를 위해 필요함
797,자유민주주의
799,범위 제한은 중요한 것이라 생각함
801,그대로 유지해서 생기는 문제보다 폐지하는 것이 조금 더 나은 것 같아서
802,자유민주주의
807,그대로 유지 하기를 원함
809,관심이 안 듬
810,범위를 제한하여야 한다고 생각
811,국민의 힘에서 주장하는 국가안보를 제한수정 해서
812,만주주의 보호
813,범위 제한이 필요하다고 느끼기 때문에
814,둘다 현실성 전혀 없어서요
815,국민의힘 정당의 힘
816,자유민주주의
817,입장 지지자
818,국가보안법은 현 시대에 맞지 않는 법이기 때문에
819,당장 완전 폐지에는 극심한 국론분열과 국력낭비가 뒤따른다.
820,모두 폐진 반대
821,옳은일
822,한국의 자유민주주의 보호
824,일부국민
826,한국의 자유민주주의는 보호되어야 하기때문에
827,근거가 마음에 들어요
828,완전 폐지는 반대
829,같잖은 질문만 하고 앉아있네
831,독소는 제거해야 한다
832,폐지한는게 옳은 일이다.
834,자유민주주의 보호해야 하기때문에
835,.
836,믿음이 더 가서
838,더불어민주당 이 되어야함
839,폐지가 옳다고 생각해서
840,국가안보최우선
841,범위의 확대보다는 유지가 낫다 생각해서
842,정당
843,일반국민이 정책에 대한 참여가 가능해서
844,자유민주주의를 보호한다는 근거가 더 설득력이 있어보인다
845,더불어민주당
846,입장지지자
847,범위 확대는 반대한다
848,선호도가 높아서
850,국가안보 강화를 위해
852,미국에도 애국법은 있음
853,범위확대
854,국민의 입장이 소중해요
855,국가안보강화
856,정책확대
857,함께 폐지
859,둘다마음에안듦
862,민주주의
863,국가안보에 유용한 방향이어서
865,현재 남북대치 상황에서 폐지는 좀 어렵다고 봅니다. 그래서 유지를 해야 한다고 봅니다.
867,정책을 제한해서
868,나라를 지키기 위해 국가보안법이 필요해서
869,범위가너무넓으면 예전과같이 국보법피해자들이발생할수있음
870,정책범위확대
872,근거
873,국보법 범위 확대
875,국가 보안법은 국가의 안녕과 질서와 외세의 침략으로 부터 자국민을 지킬 수 있는 원동력이 되기에 유지되어야 한다고 생각한다.
876,국민 안보는 강화 해야한다
877,폐지보다는 확대 관리가 나음
878,범위제한
879,제한이 폐지보다 나음
881,옳은일
882,범위제한
884,일부 국민은 위험하다
886,둘다 같은 입장이지만 더불어민주당 하는 꼬라지 마음에 안들어서 국민의힘지지해주고싶다
890,국민을 우선으로 보호하고 수정하기를 원한다
892,국가안보 강화
893,국가의 안보가 지켜져야 자유민주주의를 유지할 수 있다
895,a가 현실적이라 생각
897,국민의 힘
901,전반적으로 만족합니다
902,일부국민만 지지한다면 무슨소용이 있을까요 국민의힘이 중요합니다
903,더블어민주당
906,한국의 국가 안보를 강화할 필요는 더이상 없다고 생각한다.
910,범위를 제한 하는 것에 대한 논란이 상당할 것 같다
911,안보강화
913,국민의 힘
914,자유민주주의를 보호한다는 명분이 공감간다
915,모름
916,자유민주주의 보호
918,한국의 국가 안보를 강화한다는 국민의힘 입장보다는 나아보인다.
919,유지
921,민주주의 보호
924,범위를 확대하면 무분별하게 법을 이용하여 부정적인 상황을 만들수 있을것으로 생각함
925,정당보다 국민 의견이 더 중요함
929,범위를확대한다
932,없음
934,국민의 뜻에 따라서 범위를 수정하여 민주주의 보호
936,공감이 가서
938,일부국민에 대한 거부감
939,범위확대보다는 제한쪽에 무게가 실림
940,국민의 입장 지지가 우선적이다.
942,모름
943,국가안보강화
944,폐지는 안될것 같다
945,국민의힘이 싫어서
948,범위를 제한하고 안보를 강화해서
951,잘모르겟다
952,정당의 개입 최소화
953,보호는 그대로 유지하는게
955,없음
957,타당함
958,한국의 자유민주주의를 보호한다는 점
961,옳은일을합니다.
962,그냥
963,그냥
964,자유민주주의보호
966,안보 강화
967,답변하고싶지않음
969,국민의힘
970,완벽한 선택은 없다
971,이유없음
974,범위를 제한하도록 수정이 필요하다
976,주유수호
977,정책 입장이 더 선호해서
978,폐지가 좋은방법같아서
979,우리나라의 국가 보안강화에 근거가 있어서
982,자유를 지며야 함
984,더 실현가능성이 높아 보여서
986,잘모르겠다
988,국가보안법을 매우 강화해서 이런 설문이나 만드는 빨갱이 간첩새끼들을 모조리 능지처참하고 구족멸상해야 한다. 국가보안법에 즉결처형 및 페미학살법을 만들어야 한다.
992,안보를 위해 유지해야할듯
994,없습니다
998,범위 제한의 중요성
999,국가보안법 유지
1001,자유민주주의를 보호한다
1003,한국의 국가 안보를 강화한다
1008,국가안보법을 확대하는데 반대한다
1009,국가 보안법이 싫으면 없는 북한 가서 사시던지
1011,일부 국민의 의견보다는 한 당의 의견을 지지한다
1012,한국의 국가 안보를 강화한다
1013,안보간화
1015,범위를 확대해야 안보에 도움이 된다고 생각한다.
1016,민주주의 보호
1017,만주주의 보호
1019,자유민주주의가 소중해서
1020,국가안보강화
1021,한국의 민주주의보호
1022,특정정당이 법을 수정하는 것을 원치 않는다.
1024,무난한것 같다
1026,폐지할 시 큰 불이익
1027,과도한 적용범위의 일부 수정
1032,국가안보가 중요하다 빨갱이는 즉심총살해야한다
1035,국가보안법의 범위 축소해야한다고 생각하기 때문이다.
1036,국민의힘은 별로
1037,악법을 확대하는 것보다 유지가 훨씬 낫다
1038,좋아서
1039,뭐든 반대다
1041,더 끌려서
1046,그냥선택
1047,없음
1051,자유민주주의보호
1053,국가 안보를 위해 필요할 것
1055,..
1060,민주주의를 보호
1062,그나마 나아서
1064,현명하다
1070,새슈페캬타카
1071,grerg
1072,정책을 폐지하는 것은 옳지 않다
1073,국민의 힘
1074,국가안보가 우선이다
1077,안보가 중요하다
1078,민주주의가 국가 안보보다 중요하다고 판단
1079,한국의 안보를 강화
1083,민주주의보호
1084,모두 폐지보다는 나을 것 같아서
1086,확대가 필요하다고 생각한다
1087,"민주주의를 위한 일에 국민의 종, 국힘이 X나게 해야하지 않을까 ! 한게 없으니깐 ...."
1091,더불어민주당이랑 반대
1094,국가의 안위를 위해보안법은 필요하다
1096,폐지 반대한다
1098,자유민주주의를 보호
1099,범위 확대가 필요한 부분이 있다.
1101,이 정보만으로는 사실 선택이 어려움
1110,옳은 일이란 근거가 너무 부족하다
1112,국가보안법이 폐지되면 안되기 때문에
1115,민주주의
1116,당이 내세우는 주장은 당의 이익을 제일 우선시할것같아 지지자가 일반 국민의 경우를 선택함.
1120,걍
1123,안보가 우선이다
1131,근거
1133,범위를 확대하는게 더 맞다는 생각이 들어서
1134,예전과 많이 다른 항목들은 수정이나 축소를 할 필요가 있다고 생각한다.
1136,극가안보강화
1140,나라가 커지는만큼 안보강화가 중요하다
1143,범위를 제한
1144,더불어 민주당 정책 옹호
1149,여당정책 문제 있음
1150,자유가 보장되는 안보가 좋은 것 같아서
1151,아직은
1158,폐지하는 것은 위험하다.
1159,그냥
1162,국가보안법의 악법부분은 수정해야 된다
1164,없음
1166,국가안보를 강화하여야한다
1167,없음
1175,민주주의 수호
1181,국가안보 우선
1182,동일한의미라면 국민의힘보다는민주당을 선호
1184,더불어민주당이 지지하기때문에
1190,범위를 제한함
1191,국가 안보를 위해서는 확대되어야 한다
1193,자유민주주의 보호
1212,자유 민주주의를 보호
1215,폐지 반대
1217,안보강화
1219,좋다
1226,폐지
1227,이유없다
1229,근거
1230,9냥
1232,다수결
1233,범위를 너무 확대하는것도 좋지 않을 수 있다.
1234,국보법을 그대로 유지해야 북한의 공작에 대응할수 있다
1236,범위 수정하여 국가 안보 강화
1237,당을 보고 선택했다
1241,정치는미워요
1244,유지
1250,그래보임
1255,래 스개서배
1257,국민보다는 국회의원이 나을거같다.
1261,퓨 루 기 무
1265,이유없음
1267,국민의 힘이 지지함
1276,더불어민주당은 한국을 망하게하는 정책만 내놓는 망해라 더불어민주당 시발놈들아
1278,표뎌자다
1281,국가 안보를 강화하는것은 당연하다
1282,폐지보단수정이나아서
1291,폐지에 찬성
1296,제한하는 것이 맞음
1299,정책으로 승부
1300,국가 안보가 최우선이다
1303,입장 B 의 근거가 너무 부족하다.
1304,범위 확대는 위험하다
1305,민주주의가 우선
1307,폐지는 아닌 것 같아서
1311,국민의힘의 의견 반대
1312,민주주의
1316,없음
1317,국민모두가 찬성하면 옳은일이므로
1323,선택지가 없어요
1324,국가안보는 언제나 중요해서
1326,더 좋다
1343,지난 역사와 관례등을 폐쇄하고 새로 시작해야된다
1352,안보범위확대
1360,정책입장 a가 더 선호
1361,둘다 모르겠다
1363,국가 보안법은 존재가 해서는 안되는 악법임
1366,폐지
1368,입장 지지자가 마음에 들지 않는다.
1369,없다
1370,무조건 존재는 해야한다
1389,변화가 필요하다
1390,국가안보를 강화해야  자유민주주의를 지킬수  있다.
1393,국가 안보를 위해 좀 더 나은 방향을 모색하는 편이 낫다고 본다.
1412,정당지지가 다름
1414,료샤 하포뇨휴
1415,자유민주주의를 위한 국가보안법은 필수
1416,안보강화
1417,국민의 힘을 믿고 싶어서요
1426,선택하라고 해서
1428,폐지가 옳은 일이라는 근거가 없음. 맹목적임.
1435,입장지지자가 마음에 든다
1437,범위를 확대하는게 좋다
1438,우리나라에 간첩이 많다고 사료되어서 내부적으로 규제가 필요하다고 본다
1441,잘모르겠네요
1447,폐지 지지
1450,민주주의
1461,간첩이 나오는 상황에서 국가보안법을 폐지하는 것은 바람직하지 않음.
1466,현 상황에서 폐지는 절대 안된다
1470,툐메 레 치댜
1472,가능성
1473,죠랴랴 며
1474,그나마 그대로 유지라도 해서
1475,정당
1476,그냥
1481,안보강화
1487,구포여브케
1492,국가보안법은 없어지면 안됨
1500,더불어민주당의 정권을 바꿔야 한다
1501,페지하면 안된다...
1502,없다
1503,폐지하는게 맞는거 같아서
1506,딱히 없음
1507,옳은정책
1508,입장 지지자
1511,민주주의 언급
1512,잠재적도발 가능성 이있기때문
1513,범위 확대
1514,국가보안법을 폐지하는건 아니라고 봄
1515,국익
1516,유신 정권에서 부터 출발한  이정책은  많이 바껴야 된다고 생각한다
1519,폐지는 아니라고 생각함
1521,민주주의 보호
1522,일부국민보다는 당차원의 입장을 지지한다
1523,생각
1525,이대로도 나쁘지 않음
1526,민주주의는 보호해야함
1527,한국의민주주의를 보호한다
1528,범위 제한
1529,의견없음
1530,국가 안보와 폐지는 상충되므로
1532,민주주의
1533,수정 필요
1534,자유민주주의를 보호해야하므로
1535,이유없음
1536,국보법의 범위를 확대하면 안됨
1537,한국을 자유민주주의를 보호하니깐
1538,딱히 없음
1539,국가안보강화
1542,범위 제한
1543,양쪽이 논리에 모순은 없지만 중도에 속하므로 더불어민주당에 반대했음
1544,국민의힘을 지지하지 않음
1545,느낌
1546,국민
1548,분단국임
1549,일부국민이 아니라서
1550,둘다 같은데
1551,제한
1552,안보가중요하다
1554,국가안보
1555,범위수정
1556,무슨 설문이 이렇게 무분별하냐?
1557,안보강화
1559,조금은 확대해도 될것같아서
1560,정권교체
1561,지지당
1562,함께폐지
1563,뭔지잘모름
1565,국민의힘당이 틀렸다
1567,자유민주주의보호
1568,
1569,폐지에 반대해서
1570,타당한 일이니까.
1571,범위 축소
1573,좀더 객관적일것같아서
1574,국가 안보 강화
1575,신뢰
1576,더불어민주당이 지지하는건 다 싫다
1577,자유민주주의보호
1578,모름
1579,국가안보 강화를 위해서
1580,특별히 없음
1581,확대반대
1582,국가보안법 더욱더 강화해야 한다
1585,근거가 좀더 확실하다
1586,ㅇㅇ
1587,없음
1589,일부국민이라서
1590,정책입장
1591,국민의힘이 내놓는 정책은 보통 국민을 위한 정책이라기보다 당의 이익을 위한 정책이 많으므로 일단 신뢰가 가지 않고 법을 유지하되 범위를 축소해서 국가정보를 수집하는 것에 국한시켜야 함
1592,자유민주주의에 입각해 범위를 제한하는것이 맞는것 같아서
1593,그대로 유지
1596,없다
1597,이유 없음
1598,입장지지자에 따라 정책이 바뀌진 않는다
1599,그대로 유지
1600,국민의 생각이 중요함
1601,가상의 상황이니까 잘 몰라요
1602,국민을 기만하기만 하는 국민의 힘당이 지지하는 것은 절대 안된다.
1603,국가 안보가 가장 중요하다고 생각해서 선택
1604,자유민주주의 보호
1605,국가의 안보는 중요
1606,보안법 확대는 옳지 않을 일이니까
1607,정책입장 그대로유지한다고 해서오
1609,없다
1610,근거
1611,자유민주주의보호
1612,안보가 무엇보다 우선이라고 생각함
1613,정책 유지
1614,국가안보가 중요해 보여서
1616,정당차이
1617,더 호감이 간다
1618,근거
1619,좋아서
1620,안보
1621,더불어 민주당은 당명에 있는 민주가 없는 당이라고 생각해서 입니다
1622,안보 강화
1623,한국인의 안보
1624,지지하는 사람들이 많기 때문
1625,가능성잌있을듯해서
1626,지지자 선호
1627,그대로 유지한다
1628,정책입장
1630,국가 안보 강화
1631,그대로유지가 평화
1632,안보강화.
1633,정책을 그래도 유지하는건 아닌 것 같다
1634,없음
1635,똑같다.
1636,정책입장
1637,그냥
1638,북한을 완전히 믿을 수 없으므로
1640,더불어민주당지지
1641,시대의 변화에 따라 필요치 않은 법도 수정하거나 폐지해야 된다
1642,범위제한
1644,국가 안보를 강화한다
1645,정책B가 정책A보단 나은 거 같아서
1647,한국의 자유민주주의를 위해 범위를 제한해야 한다고 생각하기 때문에
1648,그대로 유지
1649,일부국민
1650,자유민주주의 보호 떄문에
1651,화가난다
1652,악용된 국보법을 수정 보완 하는것은 옳은 일이다.
1653,더불어민주당의 정책이 의문스럽다
1654,안보강화
1655,국가안보폐지
1656,폐지반대
1657,한국의 국가안보강화
1658,많은 수의 국민이 원한다
1659,좋아요
1660,내가 지지하는 당이여서
1661,국가보안법은 필요하다
1664,민주당을 좋아하지 않음
1663,폐지는 안닌것 같음
1665,국가안보
1666,범위확대
1667,국가안보폐지
1668,시대착오적이므로
1670,A가 나은거 같아서
1672,좋은방안
1673,보안법 있어야 한다
1674,범위를 확대하는 대신 세부적인 논의필요
1675,민주주의가 중요
1676,범위를 확대하는 것에 반대한다. 근거가 빈약하다
1677,더불어민주당이 지지한다
1678,그대로 유지
1679,민주주의
1680,모두 폐지는 위험한듯해서
1681,범위확대
1682,국가안보강화
1683,한국의 안보 강화는 중요하다
1684,모두폐지
1685,자유민주주의
1686,정책적 다양성
1689,국가안보강화
1690,옳은일
1691,자유민주주의
1692,기냥
1693,더불어민주당
1695,수정할 필요가 있다고 생각한다.
1696,더불어
1697,더 적절하다
1698,그대로 유지한다
1700,자유민주주의를 보호
1701,폐지
1702,국민의힘
1705,정댱배재
1706,특별한이유없음 중립
1707,국가 안보를 강화해야한다.
1709,국가 안보 강화
1710,국민의당 지지자를 선호하기 때문이다
1711,공작정치 근절
1712,범위 확대가 싫음
1714,더 낫다
1716,더 좋아 보여서
1717,입장이 애매함
1718,일부의 의견만으로는 유지가 적전하지 않다는 생각이다
1721,민주당 싫어함
1724,모르겠음
1725,더불어민주당 지지자가 아님
1726,국가 안보를 강화해야 한다.
1727,제한 축소
1728,안보
1729,국가 안보를 더욱 강화 지지
1730,민주주의보호
1733,자유민주주의가 중요하다.
1734,민주적
1735,국가 안보가 중요하기 때문입니다.
1737,국민의힘은 늘 국가에 도움이 안된다
1738,국가 안보 강화
1740,한국 국가안보강화
1741,입장 지지자가 일부 국민
1742,안보가 제일 중요하다.
1744,더 낫다
1746,범위를 제한해야 한다
1747,옳지 않다
1748,민주주의가 제일 우선이다
1749,국민의 지지가 있는 입장이어서
1750,이런 설문조사는 왜???????????????
1751,보수지지
1752,놀놀
1753,모두 함께 폐지한다라는게 현실에 맞지 않다고 생각함
1754,비슷하게 마음에 들지 않음
1755,모두 폐지가 맞다.
1757,일부 국민이 누구를 의미하는지 모르겠다. 그 보다는 국민의 힘을 지지
1760,폐지
1761,정책입장 근거
1762,에이가 좀더싫음
1763,폐지는 옳지않다
1764,국가보안법은 자유민주주의 에서도 꼭 필요한 법이다
1765,페지반대
1766,지지자
1770,안보가 중요
1771,일부 국민들이 한국의 자유민주주의를 보호하기위해 범위를 제한한다는 점
1772,범위를 제한해서
1773,더블어 민주당
1775,집권당이 지지해서
1778,더 나아보임
1779,작화 통일을 막기위하여
1780,정책입장
1781,국민의지지
1782,모름
1783,유지
1785,시대에 맞게 폐지보다 축소가 맞다
1786,폐지에 무조건 찬성
1787,비슷한 입장이다.
1788,정당을 지지합니다.
1789,통일후에는 폐지를 해야한다
1790,국가안보는 국가 생명
1791,좀 더 나은것 같다
1795,더 나아보여서
1796,입장 지지자
1797,한국의 국가안보를 강화하기 위하여 필요하다고 생각함
1798,현실
1799,강화라면 확대하는것이 맞다
1800,없다
1801,없애지 못한다면 법위를 제한하도록해 자유민주주의를 보호해야 한다.
1802,호감
1803,범위를 제한하도록 수정할 필요가 있다고 생각함
1804,정책 유지
1805,국민
1806,맘에든다
1807,정책입장
1808,범위 제한
1809,어느정도 국가안보를 위해 필요하다고 생각하지만 수정은 불가피하다고 생각됨
1810,그대로 유지한다
1811,국민의힘 입장지지는 거부
1812,정책입장
1813,한국의 자유민주주의 보호
1814,기타
1815,자유민주주의
1817,국가 안보 강화
1818,국보법은 폐지되어야한다
1819,마음에 안듦
1821,비슷한데.. 그나마 조금 나은 것 같은 느낌
1822,범위를 제한하는 것이 애매모호 할 것 같아서
1824,완전이 폐지는 반대한다
1825,더나은정책
1826,폐지
1827,자유민주주의를 보호하는 것이 우선이다.
1831,확대해서 간첩들 싹 다 잡혔으면 하는 바람이다.
1832,범위 제한 수정
1833,안보강화
1834,자유민주주의를 실현하는것이기 때문
1837,의견없음
1838,이유없음
1840,민주주의가 가장 중요하다
1842,우리나라의 자유민주주의를 수호
1844,옳은 일이고 더불어 민주당에서 지지해서
1845,범위를 제한하는 것이 맞다고 본다.
1848,반민주당으로 가야한다
1849,수정할 부분은 보완해야
1850,그낭
1851,자유민주주의 보호
1853,모두 함께 범위가 너무 비현실적임
1854,범위제한
1855,그냥 좋아보여서이다
1856,내가 지지하는 정당이 아니다
1857,국가 안보
1859,없습니다
1860,남북 대치상황에서 모두 폐지하는 것은 옳지 않다
1861,국보법 폐지를 한다는 것인 듯해서...
1863,국가안보가 튼튼해야 자유민주주의가 보호된다
1864,범위를 확대하여 안보를 강화할 필요가 있다
1866,당원들만으로 정치가 이루어지는건 용납 못합니다
1867,국가의 안보강화
1868,국민의 힘을 조금더 지지
1869,제한적수정
1870,국민의 힘이 싫어서
1871,국가안보
1872,잘은 모르겠지만 괜찮아 보여서 입니다
1874,모두 폐지
1876,국가안보강화
1877,근거
1879,둘중낫다
1880,자유믽주의 보호를 위해
1881,국가보안법을 확대해서 국가를 튼튼하게 지키기 위함
1882,없음
1883,범위를 제한하도록 강화
1884,둘다 아님
1885,지지층 싫다
1886,그저 그렇다
1888,한국의 국가 안보가 중요하므로
1889,의견없음
1890,자유민주주의 보호
1891,국가 안보 강화 때문에
1892,옳은 일이라서
1895,자유민주주의를 보호한다
1896,더불어민주당은 끔직히도 싫지만 대한민국의 미래를 위해서라도 무슨일이 있어도 국보법 폐지는 절대 안되고 더 강화해야 한다
1898,근거 때문에
1899,그냥 좋아보인다.
1900,없음
1901,보수정책을 지지한다
1902,자유민주주의 보호
1904,합리적
1905,제한하는것이 맞는것 같다
1906,제한된 범위내에서 수행하면서 적응도 관찰
1908,그냥
1909,민주주의 수호
1910,국민의힘이라서
1911,당연한선택
1912,한국의 민주주의를 보호함에
1914,범위가 적당
1915,자유민주주의는 한 나라에서 사람이 살때 필요한것
1916,발전적일 것 같다.
1920,수용가능한 내용
1921,초이스가없다
1922,자유민주주의
1923,폐지보단 개선
1925,국가 안보를 강화하는 정책이므로
1926,국가 안보 강화
1927,유지하는 것 보다는 폐지하는 게 나을 것 같다
1928,자유민주주의를 보호한다는측면에서
1929,정책을 잘 행할것 같아서
1930,국민의힘
1931,국가보안법은 중요하다
1932,정책은 그대로 유지 되어야 된다고 생각 하기 때문
1933,국가보안법은 폐지되어야 함
1935,현재
1936,정책폐지
1938,자유민주주의 보호
1940,"범위를 확대하고 싶지 않지만, 어느정당 보다는 국민의 의견을 지지한다"
1941,자주성
1943,국가안보 강화
1945,범위를 제한해야함
1946,크게없음
1947,국가 안보
1948,입장지지자
1950,범위를 제한하는게 우선
1952,국민자유
1953,자유주의
1954,정책유지해야함
1955,국가 안보 강화
1957,범위 확대 반대
1960,국가보안법을 축소하거나 폐지하는 것에 찬성한다
1961,범위
1962,모두 폐지 반대
1963,b보다 a가 나아서
1964,범위를 확대하는 것에 반대하기 때문에
1965,폐지하는 것이 아니니까
1966,옳은 일이란 근거에 더 무게가 실려서
1968,근거가 맘에 들어서
1969,옳은일이다
1970,폐지할 수 없다면 제한 수정이 필요
1971,현행 국보법의 가장 큰 문제점인 광범위성 해소하기 때문
1972,일부국민은 과격 함.
1975,보안법폐지
1977,범위확대
1979,그나마 더 나아보여서
1980,없음
1982,범위를 확대하기보다는 그대로 유지가 나음
1984,이게 더 좋아서
1985,자유민주주의를 보호한다
1986,국민이 지지
1989,입장이 설득적이어서
1990,국민의힘
1991,한국의 자유민주주의는 보호받아야 함
1992,더불어 민주당 그나마 낫다
1993,자유민주주의 보호
1994,자유민주주의 보호를 위해
1995,그대로 유지한다
1996,체제의 불안 요소들에 대한 예방책이 필요하다
1997,범위제한
2000,국가보안법은 폐지해야 해서
2003,유지하는게 더 낫다고 생각해서
2004,안보우선이어서
2005,국민이 원해서
2006,굿
2007,국가보안법의 범위를 제한하는것이 바람직하다
2008,선명한 정책적 의지
2009,1
2012,그대로 유지보다 폐지하는게 나을것 같아서요
2013,입장지지자의 불신감
2014,범위 확대
2015,이유없음
2016,수정이 필요하다.
2017,국민의힘이 싫어서
2019,ㅇ리유없음
2020,국가 안보를 강화하는 뜻이 더 나아보여서
2021,유지
2022,없음
2023,국짐 극혐
2024,근거
2025,유지가 나은 것 같아서
2027,현재는 안보가 제일 중요하기 때문
2028,범위를 확대해서는 안되므로
2030,국가 안보
2031,없음
2032,자유민주주의
2033,없다
2034,국가안보는 제일선이다
2037,현재대로
2038,자유민주주의도 중요
2039,자유민주주의
2040,범위를 제한함이 타당
2041,국가안보는 강화하고 범위는 수정할필요가 있을것같다
2042,범위를 제한하도록 수정하는 게 맞는 거 같아서
2043,안보강화
2044,...
2047,한국민보호
2048,범위를 제한하고 지켜보는게 좋을거 같아서요
2049,국민의 힘을 지지하지 않기 때문에
2052,.
2053,자유민주주의를 보호한다
2055,제한하는 것보다 수정하는게 나을듯
2056,국민의힘
2058,특정 정당의 입장에 동의하는 것이 아니라 국민의 뜻에 우선해야 함
2059,한국의 자유민주주의를 보호한다는 입장을 지지한다.
2061,범위를 제한해야 할 것 같아서
2062,옳은일
2064,자유주의 보호가 더 나은 정책 같아서
2065,입장지지자
2068,별 이유 없음
2069,민주주의 보호
2071,그대로유지
2073,범위를 확대하는 게 맞는 거 같아서
2077,그냥저냥
2078,없음
2079,민주주의
2082,없다
2086,국민의 힘.
2088,없다
2089,자유민주주의가 좋다
2091,정책유지
2093,국가안보는 중요함
2095,느끼는대로
2096,현 집권당에 대한 불신
2100,옳은 일이다
2102,국가 안보 강화
2103,할수없이
2105,둘중 하나를 선택해야 하므로
2108,남북이함께 폐지하는것은 매우긍정적이라판단
2111,범위
2115,안보면에서는 지금보다 더 강화확대해야 한다
2118,확대 반대
2120,더 맘에들어서다
2122,그대로 가는 것이 좋다
2126,국가안보와 제한
2127,국힘이 하는것은 옳지않다
2128,법위 수정
2130,정책입장
2131,범위를 수정하는것이 좋다
2133,유지보다는 나아서
2134,그래
2136,자유민주주위 보호
2137,국민의 힘에 반대한다
2138,국가 안보 강화 때문에
2139,그냥그렇다
2140,현 상황에 국가보안법은 맞지 않는것 같다. 아직도 일부 권력유지를 위해 국가보안법을 활용하는 것 같아 폐지를 하는게 맞는거 같다.
2142,더불어민주당이기에
2145,국민의 힘은 이적행위 정당
2146,일부가 아닌 정당의 정책
2147,범위를 제한하는게 맞다
2148,의견없음
2149,자유민주주의 동참
2150,국가안보 범위확대
2151,설문이 이해안됨
2152,국가보안법은 폐지할수 없다
2153,일부국민
2154,일부국민
2155,근거에 대한 입장
2156,국가보안법은 최소한으로 유지되어야 한다고 생각됩니다. 정치적으로 그동안 악용된 사항이 많습니다.
2158,입장
2159,폐지가 맞는것 같다.
2160,옳은일이다
2161,아직은 국보법 폐지는 시기상조이다
2162,휴전체제에서 전부 폐지했을때 기존 국가보안법 위반사범에 대한 처벌규정이 존재하는지 걱정스러워서
2163,지지
2164,그냥
2165,특정 정당 지지
2167,자유민주주의 보호가 우선이기 때문에
2168,공정성
2169,자유민주주의를 지켜야한다
2170,정책은 폭넓게 수용되어야 함
2171,국가안보강화
2172,폐지
2173,현행 유지를 한다.
2174,구가보안법을폐지하면안된다
2176,안보 강화
2179,none
2180,..................
2185,유지한다.
2186,확실하지않다
2187,더낫다고 느껴진다
2188,한국의 국가 안보를 강화한다
2190,폐지한다
2191,아직은 시기상조라고 생각해서
2192,자유 민주주의를 보호
2193,안보강화
2194,범위
2195,국가안보
2196,범위를 제한하도록 수정
2197,모두 함께 폐지하는 것 반대
2198,근거가 있다
2199,그대로 유지하는 것이 더 나을 것 같아서
2201,입법 범위가 너무 애매 한것이 많아서
2202,정책입장의 범위를 확대하기 때문
2203,입장과 근거가 같다면 선호하는 정당 지지
2204,자유민주주의
2206,범위를 제한하도록 수정
2207,유지하는게좋을거같다
2208,국가안보 강화
2209,근거 때문에
2210,정확하지 않다
2211,수정하는 게 더 나을 것 같다
2212,옳은 일을 하는게 당연하지 않나?
2215,폐지
2216,근거
2219,범위확대가 맞는것 같다
2220,없음
2225,no
2226,더불어민주당을 지지함.
2227,내 생각과 같아서
2229,국민들이 지지하는 것이기 때문에
2231,정책 입장차이
2232,더불어민주당 지지
2233,정치 잘 모른다
2234,범위 확대는 아닌것같아서
2235,근거
2236,자유민주주의 보호
2237,민주주의보호
2238,정책입장
2241,입장 b의 국보법 범위 확대는 독재 국가로 가는 지름길이다.
2245,지나친 확대는 불필요함
2247,질문이 어렵다
2246,범위를 제한하도록 수정한다
2248,안보강화
2249,범위를 확대하는건 맘에 안들지만 민주주의 보호가 더 중요한듯하다
2250,국가보안법 폐지는 절대 반대하기 때문에
2252,한정된범위네에서
2253,국가 안보 강화
2254,안보차원의 강화를 지지하므로
2255,더불어 민주당을 더 지지 하므로
2258,한국의 자유민주주의를 수호한다
2259,분단국가는 국가안보가 최우선이며 안보속에 자유민주주의가 보장되어야 한다.
2261,국민의힘 좋음
2262,정책입장
2263,옳은 일이라면 정책 범위를 확대하는 편이 맞는 것 같다
2264,안보강화
2272,찬성
2273,한국 국가 안보 강화
2275,정책은 두입장 모두 폐지이지만 한국의 국가 안보강화를 좀 더 찬성함
2277,정책
2278,기타
2279,적어도 범위확대는 아닌 것 같다
2280,옳은일
2282,한국의 국가안보를 강화하는점 맘에듬
2285,옳은일에 기준이 모호함
2286,그냥
2288,안보가 중요하다
2290,국가 안보를 강화해야 한다
2294,국가안보강화
2295,B의 범위를 확대한다에 반대해서
2298,범위 확대는 반대다
2301,뭔말인지 모르겠다
2303,폐지해야 한다
2304,폐지 지지
2306,그래도 더 나은 선택을 했으리라 믿는다
2308,안보강화
2309,한국의 자유민주주의 보호
2310,선호하는 당이어서
2311,문 실정..
2312,옳은 일이다.
2313,전쟁의 위험에서 덜할 수 있을 거 같아서
2316,보안법은 보완 되어야
2319,안보강화
2320,완전히 없앨수는 없고 넓은 범위의 국가 안보를 위해 힘쓸때
2322,함께 폐지한다
2323,집권여당에서 추진하는 일이다
2328,자유민주주의보호
2330,처음부터 재정비
2332,근거가 뚜렸함
2335,범위를 제한하도록 수정한다
2337,민주주의보호
2339,자유민주주의를 우선한다
2340,없음
2345,특별한 이유 없음
2350,..
2356,한국의 자유민주주의를 보해야 함
2361,국가안보 강화
2363,B입장이 더 선호
2365,다수의 힘
2368,유지해야 한다
2369,범위흫 제한함으로써 자유민주주의에 기여
2372,안보강화
2374,모르겠습니다
2376,모두 함께 폐지하는게 맞다고 생각한다
2380,자유민주주의보호
2381,안보
2382,더 좋다
2383,자유민주주의 보호
2384,모두 함께라는 단어의 의미는 매우 크다
2385,실리가 있다
2387,국가안보강화
2388,근거가 분명해서
2391,그나마 차선책
2392,국민의 지지
2393,한국이 중요하다
2396,국가안보강화
2398,민주주의를보호하며 학대는 괜찬은듯
2399,안보를 강화함
2400,안보유지가 제일 중요함
2402,이유x
2405,그대로유지
2406,폐지보다는 수정하는 방안이 나라 운용에 유리
2408,입장 공감
2409,그냥
2410,그대로유지
2414,자유민주주의 보호
2416,민주주의
2417,범위를 확대하고자 하는 근거를 잘 모르겠어서
2418,유리한점이 있음
2425,일부 국민의 입장이 더불어민주당 보다 근거가 있어서
2426,더불어민주당의 사상이 의심되어서
2427,그대로 유지
2428,"변화가 두려움,그대로 유지"
2432,민주당의 행패가 걱정 됨
2433,국가 안보강화
2437,옳은 일이다
2438,그냥
2440,필요한 법안같아서
2441,정책입장
2442,범위제한
2443,국민의힘 믿을수 없다
2445,안보가 즁요해서
2446,더불어민주당의 근거는 신뢰가 가지않는
2448,더 신뢰가 감
2451,범위를 확대하는것이 옳다
2452,없음
2453,자유민주주의
2454,정책확대
2457,정책입장유지
2458,제한
2463,모두 함께 폐지
2465,그냥
2466,보안법 유지
2467,범위확대가 아니어서
2468,범위화대
2469,그나마 이게낫다
2470,국가 안보를 강화해서
2479,국민의 힘 반대
2482,안보강화
2483,한국의 자유민주주의를 보호하는 일이 가장 우선이다.
2484,자유민주주의 보호
2486,범위확대
2488,.
2489,자유민주주의의 중요성
2491,별다른 이유없이
2492,"입장a, b 모두 옳은 일이라 근거를 제시하니 추진하는데 있어서 지지자가 일부 국민들보다는 정당이 낳다는 생각이 들었다."
2494,지지자 국민이므로
2496,자유민주주의
2497,자유민주주의보호
2501,국가 안보의 강화
2503,국가 안보 강화때문
2506,민주주의는 보호되어야한다
2507,안보
2509,좋음
2511,조금은 진보적인 더불어 민주당이닌까
2512,폐지
2513,국민의 힘이 중요하다
2515,안보보단 민주주의를 더 보호해야한다
2516,한국의 자유민주주의를 보호한다
2517,일부 국민보다는 정책을 만드는데 관여하는 국회의원의 말이 타당도가 높다고 생각
2518,ㅇㅁㄹ
2519,한국의 자유민주주의는 보호되어야 한다
2521,국민을 위한일
2522,선호
2524,폐지보다는 수정이 더 바람직하다는 생각임
2525,그냥
2526,상세하게 상의하고 결정하는 것이 좋을것 같아서요
2528,그대로 유지가 더 나은거 같다.
2530,없음
2531,국가안보강화
2533,더불어민주당의 정책을 지지하지 않는다
100005,범위
2541,.
100006,자유주의 포함
100012,근거에 동의
100013,자유민주주의 수호
100025,일반국민 의식중요
100038,국가안보강화
100045,북한과 대치 상황에는 국가 안보가 중요하므로
100058,독재반대
100059,민주주의 보호
100062,정책입장
100068,필요한 법이므로.
100073,민주주의수호
100074,현 상황에서국가보안법 불필요.
2542,국가안보 강화
100082,모름
100098,폐지해서는 안된다
100130,국가안보가 중요
100140,민주주의보호
100146,믿음
100152,폐지 반대
100167,한국의 민주주의를 보호한다는 뚜렷한 근거가 있으므로
100172,일부국민의 지지
100177,폐지
100184,정책입장 그대로 유지
100192,정책입장
100209,국가보안법의 악용
100222,페지해야한다
100254,통일후에는 폐지도 생각해 볼일
100310,한국 의 자 유 를 지 키 는 거 니까.
100312,극갑ㆍ안
100316,폐지해야할 조항이 많은것같습니다
100319,민주주의의보호
100322,남북관계 축소 필요
100327,한귝 국가안보 강화
100330,남용을 방지하기위해서
100331,한국자유민주주의 보호
100333,범위를 제한하도록 수정
100337,"일부 독소조항은 수정,폐지해야하나 큰틀은 유지 필요."
100340,민주주의 보호
100344,국가보완
100345,안보강화때문에
100346,정책 좋아요
100356,국가안보를 강화한다
100367,정책
100374,안보의 강화로 일부 자유를 유보
100378,범위가 광범하면 국민자유를 훼손하니까
100381,범위가 넗으면 안된다..
100390,모두 함께 폐지는 위험해보인다
100405,발전을 위해
100410,친일정당반대
100407,마음에든다
100420,징책의 일관성 유지
100424,국가 안보 강화 필요성
100429,신념있게 지속성유지
100432,더불어민주당 지지
100433,국가안보를 강화한다
100438,둘다 별로지만 국가보안법은 일부 범위를 수정하는게 맞는듯. 아예 폐지는 조금 아닌거 같음
100444,폐지는 안될거 같다
100450,하나의정당에 입장이 아닌 국민의입장지지자라는점
100455,적용 범위의 제한은 합리적 검토가 았어야
100458,안보가 중요하다고생각됨
100464,안보강화
100469,범위를 확대한다
100470,안보 강화
100501,그대로 유지하는 게 좋다.
100503,국가안보 중시
100516,정책 유지
100519,안보강화가 우선
100521,모두 폐지
100522,잘 모르겠다.
100543,범위제한수정
100549,수용 가능여부에 따라 수정
100561,언제 돌변할지 모르는 입장에서 보안책을 강구해야
100566,폐지지지한다
100569,폐지에 한표
100572,국가안보를 강화한다
2543,이유없음
100597,폐지
100598,폐지가 맞다
100602,범위제한
100605,국가안보를 강화해야 한다는 생각이다
100615,국가안보 중요
100621,범위확대
100622,한국위 국가 안보를 강화 한다고 해서
100624,안보
100637,범위확대에 반대
100638,없음
100648,국가 안보를 강화해야 한다
100673,범위를 제한하도록 수정하기 때문에
100676,확대의 내용이 없음
100678,잘 모름
100683,민주주의
100694,모두 함께 폐기하기에는 아직 한국의 상황이 대응하기에는 이르다는 생각이 듭니다. 아직 국민화합이 이루어지지 않았기 때문입니다.
100705,그대로 유지한다
100709,그대로 유지
100714,정책입장
100719,국민의힘 싫음
100721,옳은 일
100724,정당이 국민의 힘이라서
100727,민주주의 보호양
100751,정당이 아닌 일부국민
100760,"똑같은데, 국가안보강화하므로."
100780,범위확대
100788,없음
100793,둘다 마음에 들지 않지만 범위를 제한하도록 수정하는 게 나을 거 같아서
100796,민주주의 국가이니까
100807,자유민주주의를 보호한다
100816,한국의 자유민주주의를 보호 하기 때문.
100823,통일 후 정책 유지는 전체 국민이 한 마음이 되어야 하므로
100837,국가 안보의 중요성.
100857,더불어민주당
100867,국가안보가 보장 된다면
100868,입장 지지자가 좋고   자유민주주의를 보호한다 가 좋아요
100885,자유민주주의 보호
100892,국가안보우선
100897,자국안보 우선
100899,자유민주주의 보호
100900,범위를 제한하는건  좋지않다고 생각한다
100902,모두페지하고 함께어우려삶을 유지
100909,국민
100910,정책
100911,모든사항에서 그대로 유지하는게 좋아요
100913,민주주의를 보호해야해서
100917,없다
100926,국가안보
100927,국가안보 중요함
100928,민주주의 보호
100933,민주주의 수호
100937,근거
100941,모두폐지
100947,국가안보가 가장 중요한 일이다 다소 불편하더라도 국가가 존속해야 국민도 있지 않겠나
100949,남북의 대치상황이라서
100952,그대로 유지하되 문제가 되는 일부범위 수정필요
100957,수정한다
100965,범위 확대
100967,그래야할것같아서
100970,폐지
100977,민주화의 과정에서도 완전한 통일전에는 안보의 강화가 필요함
100978,더불러민주당에서 의힘이국민들보다적용됨
100985,국가안보 최우선
100988,자유민주주의를 보호
100991,강해야 산다 북한 믿지 말라 속지말라
100993,자유민주주의는 보호되어야 하기 때문
100998,국가안보
100999,최근 안보가 위험한건 같다
101001,민주주의
101004,민주당 입장
101005,한국의 국가안보 강화
101010,범위를 확대해야 한다
101011,국민의힘쪽을 지지하는 입장이라서
101014,정책입장
101015,국보법을 애 폐기하려고 하는가 지금 현체제에서는 반드시 필요한법이다
101018,뭐니뭐이해도 안보가 중요하죠
101019,안보
101021,통일을 준비하는 시대의 흐름의 변화
101022,더불어민주당이더힘있다
101023,자유 민주주의 수호
101024,모두 정책 폐지보다는 범위를 제한하는게 나은것 같아서
101026,자유민주주의 수호
101028,A가 나은것같아서
101029,폐지는아닌듯
101033,문제가 있으면 수정하면서 직행하는게 좋다고 생각합니다
101039,둘다 싫은데 선택하라고 해서...
101048,범위확대
101049,자유민주주의를 폭넓게확대 찬성
101053,고를게 없어서
101059,정책입장에서 확대하야한다
101063,폐지는좀이르다
101064,국가 안보를 위해 일부 범위 확대 필요
101065,없음
101066,정책입장면에서 보아
101068,한국의 자유민주주의를 보호
101073,자유주의를 보호한다해서
101076,안보는 강화
101077,그대로 유지
101089,안보보강
101092,안보강화
101100,본인생각임
101102,더불어민주당 반대
101118,모두폐지
101121,일부국민 찬성보다 정당 지지가 있는 것이 더 힘을 내기 좋음.
101122,더부러민주당의 정책기조
101125,보호
101127,자유민주주의 보호
101128,적절한 것 같아서
101144,정책을 그대로 유지하고 옳은 일을 하는것 같아서
101145,지지자
101146,정책을 지지
101151,폐지 반대
101159,국민의  힘이 일부지지자들보다 더 강함.
101167,한국의 자유민주주의를 보호한다
101170,자유주의 보호
101174,국가안버
101178,국민의힘
101184,유지정책
101187,국가안보강화가 무한목적은 아니므로 국가안보에 옳은 일이다는 점에 선택
101189,안보는 강화해야 한다.
101194,범위제한
101196,안정
101201,통일은  아직 멀었다고 생각함 국가 안보를 위한 범위확대 필요하고 북한에 절대 끌려가는듯한 형국은 없어야 하고 김정은 시대에 통일은 불가능함
101204,민주주의 보호
101215,국가안보를 강화한다
101218,범위 확대에 반대
101220,잘모름
101228,입장지지자를 A보다 선호함
101230,국가안보강화
101233,그대로유지
101236,국가 안보를 위해 범위를 확대 해야 한다
101237,국가안보 중요
101238,국가 안보를 강화
101239,더불어 민주당이 이번 정책은 많이 부족하다.
101248,안보
101249,자유민주주의의 보호에서 선택하게 되었습니다
101253,국가보안법을 폐지해야 한다
101256,국가 안보가 아직은 우선이다 북한을 믿을수 없다
101267,a정책이 더 좋다
101270,근거가 마음에들어서
101276,둘 다 같지만 국민의 힘을 지지하기에
101279,느낌
101288,민주주의 보호
101289,정책을 모두 함께 폐지한다
101290,민주당지지
101291,국정원은 지금까지 정치의 시녀 역할을 충실히 해왔고 지금도 여전히 정권의 유지를 위해 악용되고 있다고 생각한다
101296,범위를 제한하도록 수정하는게 옳다고 생각하기 때문에
101297,범위를 제한함
101298,국방력 유지
101299,더불어 민주당의 의견이라서
101310,국가안보가 우선이기 때문에
101318,지금 현상황이 나쁘지 않아서
101327,더 좋다
101328,범위를 확대한다는것 무리
101332,국가 안보
101339,입당지지자가 싫어서
101344,정책에 대해 범위를 확대
101350,국힘당지지
101364,가장 좋은 방법 입니다
101372,국가안보 강화
101380,국가의 안보가 중요함
101382,보안법의 범위는  확대불가
101383,일개 당의가 아니라 일부라도 국민의 의견이 우선되어야한다고 봄.
101394,국가 안보가 우선시되어야 한다
101398,범위 제한
101408,한국의 민주주의를 보호
101409,특별히없다
101419,더불어민주당 반대
101420,자유민주주의 수호
101423,범위축소
101432,한국의 국가 안보 범위를 강화한다
101442,한국 자유민주주의 보호
101444,더불어민주당편이니까
101447,남북 화해를 위해.
101448,범위제한
101459,"두 입장 모두 반대하나, 입장 A의 근거가 그나마 낫다. 옳은 일이라는 근거는 아무것도 설명해주지 못한다. 'X를 한다. X가 옳기 때문이다.'라는 문장이 설득력이 있는가? 주장하는 이는 당연히 자신이 주장하는 바가 옳다고 생각하고 주장하는 것이다. 엄밀히 말해 이는 근거가 아니다."
101461,국가안보를 강화한다
101471,범위를제한
101481,한국의 자유민주주의 보호
101488,그대로 유지한다
101492,범위를 확대하는 것은 한국 자유민주주의에 어긋나는 발상이다
101499,국가안보강화
101508,국가보안법은 자유민주주의 국가를 보호하는 근간이다
101511,국가안보
101525,폐지하는 것에 동의
101533,범위 수정
101534,자유 민주주의가 중요하다
101540,범위를 제한하도록 완화하는 것이 옳다고 생각돼서
101545,범위확대
101552,국민의 생각이 항상 옳았었음
101559,너무 광범위한 범위는 어느정도 제한하는것이 필요하다
101565,자유민주주의 보호를 위해
101572,더불어민주당지지
101576,일부 국민이 지지를 해서
101594,자유존중
101595,지지 정당
101602,안보를 강화하는 것은 현재 필요하기 때문입니다.
101612,폐지보다는 그대로 유지가 합당하다.
101613,보다 안정적
101616,별로
101621,수정하는 자세를 보여서
101639,점진적으로 하는 것을 선호해서요
101644,정책 입장때문에
101659,민주주의 보호
101670,자유민주주의 수호
101679,평화
101691,실현가능
101694,국가 안전을 위해서 조금 완화할 필요가 있을뿐 폐지는 안됨
101698,더 좋은 정책인 것 같아서
101699,국가보안법을 정치적으로 이용하는 경우가 너무 많기 때문이다 진짜 🤦
101700,"범위 확대는 조금 반대, 그러나 두 당의 의도나 세부내용이 실제 목적이 다를 수 있다. 그리고 지금 나라의 내부에 의심 스러운 일이 많다."
101710,없음
101712,그대로 유지
101714,그대로 유지
101748,국가안보강화
101753,한국의 자유민주주의수호
101757,옳음
101776,b보다 남
101781,한국의 국가안보강화
101798,안보강화
101817,범위를 제한 수정이 맞는다 생각함
101818,제한수장이 좋을것같아서
101819,한국의 자유민주주의를 보호한다
101840,도움이 되고 실용적임
101843,전책을 모두 폐지해서
101865,국민의 힘이 지지해서
101874,민주주의
101907,국가 안보 강화
101923,국가안보강화
101934,정책은바꾸는게맞다
102007,범위확대를 안함
102036,모두 폐지해서
102050,나는 이 포스트를 아주 좋아한다
102085,국민의힘
102094,자유민주주의
102130,마음에 든다
102181,모두 함께 폐지한다는건 미래를 생각하지 않는 행동이므로
102268,국가안보를 위해
2555,정책입장
2558,국가안보 강화.
2560,둘 다 신뢰할 수 없음
2561,법ㅂ안을 현실에 맞도록 수정은 가능하나 폐지는 반대
2562,근거가 좋아서
2563,한국적 민주주의 지지함
2566,범위를 확대하는건 반대한다
2567,국가보안법의 전면 폐기는 일부 극좌단체 및 실제 간첩조직의 선전활동 등에 잘못된 신호를 줄 수 있다
102311,자유민주주의로 가야함
102326,범위 제학 수정
2570,안보강화
2572,국민들이 지지하는 입장이라
102333,솔직히 뽑고싶은 대답은 없음
2574,민주당
2575,그대로 유지한다
2576,자유민주주의 보호
2578,국가 안보 강화
2579,범위를 확대하고  국가 안보강화
102378,입장 지지자
2580,정책입장에서 더 마음이 가는 쪽으로
2581,자유민주주의
102394,근거가 더 구체적이라서
102396,안보 강화를 위한 범위 제한 필요
2583,국가안보가 우선이다
102398,국민의뜻이 중요하기때문
2585,진보당의 뜻이어서
2587,자유민주주의3
102427,정책범위확대해야한다
102442,국가안보를 강화해야 한다
102443,자유민주주의 보호
2589,모두페지는반대
2590,근거
2591,민주주의보호
2592,국가안보강화
2593,더불어 민주당의 정책이 싫다
102493,자유보장
2598,국가안보 강화
102534,범위를 제한해야 한다고 생각함
102536,문제 없어요
2601,옳은일
102555,ㄱㄱ
102559,내 생각이에요.
2605,국가안보가 중요하다
2606,선택의 폭이 좁다
102614,국민이 우선순위
2609,부정 이슈가 많으면 폐지하는것이 더 나음
2610,한국의 자유민주주의를 보하
2611,국가 안보 강화가 중요해서
102698,국가안보를 강화함으로
102703,없음
102717,국가 안보를 강화하는게 최우선이기떄문
2614,민주주의 지지한다
102730,더불어민주당
2616,자유민주주의보호
2618,국민의 힘
102785,자유만주주의를 보호한다는 점이 마음에 든다
102800,자유주의의 보호가 중요하다
102819,모두 폐지하는것은아닌 것 같다
2623,범위를 제한하는게 맘에 들어서
2625,"자유민주주의 이념의 유지는 국민의 행복을 위해 중요한 일이고, 북하이나 중국은 신뢰할 수 없는 집단이므로 지속적인 공작활동을 시도한다."
102891,한국의민주주의를보호한다
2629,둘 다 똑같아서 그냥 고름
2631,모두 폐지는 반대한다
2633,네
2634,B의 입장이 나의 생각과 같다
2636,자유는 중요하므로
2642,가장 기본적인 것에 충실 자유민주주의국가임을 생각
102980,믿음직
2646,더불어 민주당
2647,자유민주주의 보호가 중요해보인다
102990,민주주의를 보호하니까
2666,ㅓ
2669,자유민주주를보호
2679,더불어가 좋아서
103000,국가안보 강화
2697,몰라요
103001,한국의 자유민주주의 보호
103021,자유민주주의 보호
103027,노
